{"train/global_step":120,"dataset/train_size":634,"final/epoch":3,"train/grad_norm":0.5140580534934998,"metrics/avg_loss":0.9868307692307694,"train/learning_rate":4.230499177994007e-08,"eval/runtime":5.6816,"train_runtime":322.7103,"train/epoch":3,"eval/steps_per_second":4.4,"total_flos":5.687212596178944e+15,"eval/loss":0.8469293117523193,"train/loss":0.6285,"eval/samples_per_second":17.601,"_wandb":{"runtime":455},"metrics/final_learning_rate":4.230499177994007e-08,"final/total_steps":120,"_runtime":455.194552939,"train_samples_per_second":5.894,"metrics/min_loss":0.6152,"model/trainable_parameters":18464768,"_step":17,"model/trainable_percentage":1.1819879251333358,"train_steps_per_second":0.372,"dataset/eval_size":100,"model/total_parameters":1562179072,"train_loss":0.8958383798599243,"_timestamp":1.7503657376868978e+09}