{"model/trainable_percentage":1.1819879251333358,"dataset/train_size":634,"dataset/eval_size":100,"_wandb":{"runtime":74},"model/trainable_parameters":18464768,"model/total_parameters":1562179072,"_timestamp":1.7503644762407527e+09,"_step":0,"_runtime":73.697673526}