{"train_samples_per_second":5.736,"eval/loss":2.1124234199523926,"train/global_step":120,"eval/steps_per_second":4.4,"train_loss":0.4691597569733858,"eval/samples_per_second":17.602,"eval/runtime":5.6813,"train_steps_per_second":0.362,"_timestamp":1.7521828141935937e+09,"total_flos":5.738908440526848e+15,"train/learning_rate":4.230499177994007e-08,"_runtime":346.076877632,"train_runtime":331.5658,"train/loss":0.0205,"_wandb":{"runtime":348},"_step":15,"train/grad_norm":0.21261560916900635,"train/epoch":3}