{"_timestamp":1.752192092202899e+09,"train_steps_per_second":0.62,"train/global_step":119,"train_runtime":193.5937,"train_loss":0.023262645642296607,"_wandb":{"runtime":204},"train/learning_rate":5.075735642696611e-06,"train/grad_norm":0.17101123929023743,"total_flos":5.81315145449472e+15,"train/loss":0.0207,"_step":7,"eval/runtime":7.0817,"_runtime":202.731606267,"train/epoch":3,"eval/samples_per_second":14.121,"train_samples_per_second":9.825,"eval/steps_per_second":3.53,"eval/loss":2.1102194786071777}