{"train_loss":0.4692905570069949,"_wandb":{"runtime":317},"eval/steps_per_second":4.55,"train_runtime":304.7512,"train/grad_norm":0.21228240430355072,"train/global_step":120,"_step":15,"total_flos":5.738908440526848e+15,"_timestamp":1.750451740486074e+09,"eval/runtime":5.4942,"_runtime":315.279177731,"eval/samples_per_second":18.201,"train/learning_rate":4.230499177994007e-08,"train_samples_per_second":6.241,"eval/loss":2.112816572189331,"train_steps_per_second":0.394,"train/loss":0.0205,"train/epoch":3}