{"train_samples_per_second":10.696,"_step":7,"train/grad_norm":0.1711859256029129,"train/global_step":119,"_wandb":{"runtime":192},"_timestamp":1.75219027669998e+09,"eval/loss":2.109951972961426,"train/loss":0.0207,"_runtime":189.847481369,"train_runtime":177.8258,"train_steps_per_second":0.675,"eval/steps_per_second":3.921,"train/learning_rate":5.075735642696611e-06,"train/epoch":3,"eval/samples_per_second":15.686,"eval/runtime":6.3751,"total_flos":5.81315145449472e+15,"train_loss":0.023263887447469375}