{"train/loss":0.2162,"train/epoch":3,"dataset/eval_size":100,"train_steps_per_second":0.65,"final/total_steps":119,"_step":9,"eval/samples_per_second":14.967,"train_loss":0.3766159510412136,"_wandb":{"runtime":210},"train_samples_per_second":10.306,"metrics/avg_loss":1.0258166666666668,"_timestamp":1.750397053228465e+09,"eval/steps_per_second":3.742,"eval/runtime":6.6814,"total_flos":5.7918639923712e+15,"train/grad_norm":0.45891696214675903,"metrics/min_loss":0.2162,"train/learning_rate":5.075735642696611e-06,"train/global_step":119,"eval/loss":0.9821261763572693,"_runtime":210.537219545,"model/total_parameters":1562179072,"train_runtime":184.5596,"metrics/final_learning_rate":5.075735642696611e-06,"dataset/train_size":634,"final/epoch":3,"model/trainable_percentage":1.1819879251333358,"model/trainable_parameters":18464768}