{"total_flos":5.81315145449472e+15,"train/global_step":119,"eval/runtime":6.1072,"eval/samples_per_second":16.374,"train_runtime":177.0922,"train/learning_rate":5.075735642696611e-06,"_runtime":189.483677375,"_wandb":{"runtime":191},"eval/steps_per_second":4.094,"_step":7,"train/loss":0.0207,"eval/loss":2.110250473022461,"train_loss":0.023263730797447077,"train_samples_per_second":10.74,"train_steps_per_second":0.678,"train/grad_norm":0.1707298904657364,"train/epoch":3,"_timestamp":1.7521832229064605e+09}